"Clinical Trial Information","","",""
"Trial Title","Study of Lifileucel (LN-144), Autologous Tumor Infiltrating Lymphocytes, in the 
Treatment of Patients with Metastatic Melanoma (LN-144)","",""
"Drug(s)/Molecule(s)","lifileucel; 
Trial Identifier
GDCT0232927","",""
"Secondary ID(s)","NCT02360579; C-144-01;GDC40003238;GDCT0231030;NCI-2015-
01957;CDR769149;2017-000760-15;EudraCT-2017-000760-15;18309;P 
54117;S16-00804;UKCTG-39529;2017-02031;BASEC2017-
02031;EUCTR2017-000760-15;SNCTP000002819;2017-000760-15-GB","",""
"Sponsor (s)","Iovance Biotherapeutics Inc","Indication","Melanoma, Metastatic 
Melanoma"
"Trial Status","Completed","Trial Phase","Phase II"
"Approved Health 
Authority","France: National Agency of Medicine and Health Product Safety (ANSM); 
Hungary: National Institute of Pharmacy (NIP); Spain: Spanish Agency of 
Medicines and Medical Devices (AEMPS); United Kingdom: Medicines and 
Healthcare products Regulatory Agency (MHRA)","",""
"Secondary 
Intervention","aldesleukin, Cytoxan, fludarabine phosphate","",""
